,Title,Link,Author,Date
0,The Role of Online Reviews in a Buyer’s Journey,https://rizereviews.com/the-role-of-online-reviews-in-a-buyers-journey/,By Dolly Kate Ching,"December 5, 2023"
1,7 Proactive Ways To Promote Good Online Reviews,https://rizereviews.com/7-proactive-ways-to-promote-good-online-reviews/,By Dolly Kate Ching,"November 30, 2023"
2,Why Content Credibility Is So Important for Building a Trustworthy Online Reputation,https://rizereviews.com/why-content-credibility-is-so-important-for-building-a-trustworthy-online-reputation/,By Dolly Kate Ching,"November 28, 2023"
3,Should You Pay To Manage Your Online Reputation?,https://rizereviews.com/should-you-pay-to-manage-your-online-reputation/,By Dolly Kate Ching,"November 21, 2023"
4,The Do’s and Don’ts of Using Email Marketing for Online Review Generation,https://rizereviews.com/the-dos-and-donts-of-using-email-marketing-for-online-review-generation/,By Dolly Kate Ching,"November 16, 2023"
5,7 Creative Ideas To Try for Your Next Video Testimonial,https://rizereviews.com/7-creative-ideas-to-try-for-your-next-video-testimonial/,By Mariel Pelaez,"November 14, 2023"
6,What Is a Good Follower Growth Rate Across Social Media Platforms?,https://rizereviews.com/what-is-a-good-follower-growth-rate-across-social-media-platforms/,By Arrabon Toribio,"November 9, 2023"
7,Understanding Missing or Delayed Online Reviews on Your GMB Profile,https://rizereviews.com/understanding-missing-or-delayed-online-reviews-on-your-gmb-profile/,By Andy Tubig,"November 7, 2023"
8,What Is Reputation Score and Why Is It Important,https://rizereviews.com/what-is-reputation-score-and-why-is-it-important/,By Arrabon Toribio,"November 2, 2023"
9,Top Customer Feedback Questions To Improve Your Products and Services,https://rizereviews.com/top-customer-feedback-questions-to-improve-your-products-and-services/,By Dolly Kate Ching,"October 31, 2023"
10,The Science Behind Social Proof and Ways To Use It To Improve Your Online Reputation,https://rizereviews.com/the-science-behind-social-proof-and-ways-to-use-it-to-improve-your-online-reputation/,By Louise Bautista,"October 26, 2023"
11,How To Assess and Measure Your Online Reputation in Business,https://rizereviews.com/how-to-assess-and-measure-your-online-reputation-in-business/,By Andy Tubig,"October 24, 2023"
12,How To Provide Better Customer Care (and Why You Need To Do It),https://rizereviews.com/how-to-provide-better-customer-care-and-why-you-need-to-do-it/,By Mariel Pelaez,"October 19, 2023"
13,The Importance of Building a Strong Brand When Scaling Your Business,https://rizereviews.com/the-importance-of-building-a-strong-brand-when-scaling-your-business/,By Dolly Kate Ching,"October 17, 2023"
14,Do Online Reviews Still Matter for Brick-and-Mortar Stores?,https://rizereviews.com/do-online-reviews-still-matter-for-brick-and-mortar-stores/,By Mariel Pelaez,"October 12, 2023"
15,The 4 Common Types of Negative Reviews and Tips for Responding to Them,https://rizereviews.com/the-4-common-types-of-negative-reviews-and-tips-for-responding-to-them/,By Dolly Kate Ching,"October 10, 2023"
16,Can Your Online Reputation Affect Your Lead Generation Efforts?,https://rizereviews.com/can-your-online-reputation-affect-your-lead-generation-efforts/,By Dolly Kate Ching,"October 5, 2023"
17,Does Your Star Rating Color Really Matter?,https://rizereviews.com/does-your-star-rating-color-really-matter/,By Dolly Kate Ching,"October 3, 2023"
18,The Dos and Don’ts of Automated Review Responses,https://rizereviews.com/the-dos-and-donts-of-automated-review-responses/,By Dolly Kate Ching,"September 28, 2023"
19,Why You Should Use Videos in Reputation Management,https://rizereviews.com/why-you-should-use-videos-in-reputation-management/,By Andy Tubig,"September 26, 2023"
20,How To Leverage Online Communities To Build a Stronger Brand,https://rizereviews.com/how-to-leverage-online-communities-to-build-a-stronger-brand/,By Arrabon Toribio,"September 21, 2023"
21,How To Balance Authenticity and Online Reputation Management,https://rizereviews.com/how-to-balance-authenticity-and-online-reputation-management/,By Dolly Kate Ching,"September 19, 2023"
22,How To Tell if Your Company Has a Negative Online Reputation,https://rizereviews.com/how-to-tell-if-your-company-has-a-negative-online-reputation/,By Mariel Pelaez,"September 14, 2023"
23,Why Wikipedia Reputation Management Matters for Your Business,https://rizereviews.com/why-wikipedia-reputation-management-matters-for-your-business/,By Dolly Kate Ching,"September 12, 2023"
24,Why Your Relationship With Customers Doesn’t End After Making a Purchase,https://rizereviews.com/why-your-relationship-with-customers-doesnt-end-after-making-a-purchase/,By Mariel Pelaez,"September 7, 2023"
25,What Is Greenwashing and Why You Shouldn’t Exaggerate Your Business Ethics and Values,https://rizereviews.com/what-is-greenwashing-and-why-you-shouldnt-exaggerate-your-business-ethics-and-values/,By Thea Danganan,"September 5, 2023"
26,What To Expect When Repairing Your Online Reputation,https://rizereviews.com/what-to-expect-when-repairing-your-online-reputation/,By Dolly Kate Ching,"August 31, 2023"
27,Google Updates Product Ratings Policy: Online Reviews Generated by an Automated Program or AI Not Allowed,https://rizereviews.com/google-updates-product-ratings-policy-online-reviews-generated-by-an-automated-program-or-ai-not-allowed/,By Andy Tubig,"August 29, 2023"
28,What Is Customer Lifetime Value (CLV) and Why It’s So Important for Your Business,https://rizereviews.com/what-is-customer-lifetime-value-clv-and-why-its-so-important-for-your-business/,By Andy Tubig,"August 24, 2023"
29,Online Reviews in 2022: Lessons Learned and How Businesses Can Improve in 2023,https://rizereviews.com/online-reviews-in-2022-lessons-learned-and-how-businesses-can-improve-in-2023/,By Meg Datumanong,"August 22, 2023"
30,How Patients Use Online Reviews,https://rizereviews.com/how-patients-use-online-reviews/,By Dolly Kate Ching,"August 17, 2023"
31,How Online Reviews Boost Your B2B Marketing Efforts,https://rizereviews.com/how-online-reviews-boost-your-b2b-marketing-efforts/,By Andy Tubig,"August 15, 2023"
32,Word of Mouth Marketing Strategies That Still Work in 2023,https://rizereviews.com/word-of-mouth-marketing-strategies-that-still-work-in-2023/,By Arrabon Toribio,"August 10, 2023"
33,How Can Your Business Survive in the Age of Brand Cynicism?,https://rizereviews.com/how-can-your-business-survive-in-the-age-of-brand-cynicism/,By Arrabon Toribio,"August 8, 2023"
34,Reputation Audits and How They Can Help Your Business,https://rizereviews.com/reputation-audits-and-how-they-can-help-your-business/,By Dolly Kate Ching,"August 3, 2023"
35,TikTok’s ‘Deinfluencing’ Online Reviews Trend Explained,https://rizereviews.com/tiktoks-deinfluencing-online-reviews-trend-explained/,By Dolly Kate Ching,"August 1, 2023"
36,How Online Reputation Management Helps You Drive Brand Conversions and Sales at the Same Time,https://rizereviews.com/how-online-reputation-management-helps-you-drive-brand-conversions-and-sales-at-the-same-time/,By Mariel Pelaez,"July 27, 2023"
37,Your Ultimate Guide to Reputation Management,https://rizereviews.com/your-ultimate-guide-to-reputation-management/,By Arrabon Toribio,"July 25, 2023"
38,Online Reputation Management Mistakes Your Business Could Be Committing,https://rizereviews.com/online-reputation-management-mistakes-your-business-could-be-committing/,By Dolly Kate Ching,"July 20, 2023"
39,Protecting Your Brand in the Age of Cancel Culture,https://rizereviews.com/protecting-your-brand-in-the-age-of-cancel-culture/,By Arrabon Toribio,"July 18, 2023"
40,Different Factors That Contribute to Brand Reputation,https://rizereviews.com/different-factors-that-contribute-to-brand-reputation/,By Misty Casul,"July 13, 2023"
41,A Fundamental Guide to Customer Review Management,https://rizereviews.com/a-fundamental-guide-to-customer-review-management/,By Dolly Kate Ching,"July 11, 2023"
42,A Complete Guide to Incentivized Reviews: How To Do Them Right,https://rizereviews.com/a-complete-guide-to-incentivized-reviews-how-to-do-them-right/,By Dolly Kate Ching,"July 6, 2023"
43,Karen’s Diner: How a Restaurant Chain With Rude Service Gets 4-Star Reviews,https://rizereviews.com/karens-diner-how-a-restaurant-chain-with-rude-service-gets-4-star-reviews/,By Justine Lubag,"July 4, 2023"
44,Why Some Brand Apologies Work and Why Some Don’t,https://rizereviews.com/why-some-brand-apologies-work-and-why-some-dont/,By Mariel Pelaez,"June 29, 2023"
45,What a Business Should Do About Declining Brand Trust,https://rizereviews.com/what-a-business-should-do-about-declining-brand-trust/,By Andy Tubig,"June 27, 2023"
46,What Is Reactive Marketing and How Can It Help Your Online Reputation?,https://rizereviews.com/what-is-reactive-marketing-and-how-can-it-help-your-online-reputation/,By Arrabon Toribio,"June 22, 2023"
47,Why Online Reviews Matter So Much for Hotels,https://rizereviews.com/why-online-reviews-matter-so-much-for-hotels/,By Dolly Kate Ching,"June 20, 2023"
48,How To Turn Negative Reviews Into Business Opportunities in 2023,https://rizereviews.com/how-to-turn-negative-reviews-into-business-opportunities-in-2023/,By Dolly Kate Ching,"June 15, 2023"
49,How To Manage Your Corporate Reputation on TikTok,https://rizereviews.com/how-to-manage-your-corporate-reputation-on-tiktok/,By Mariel Pelaez,"June 13, 2023"
50,How To Sell to Millennials by Leveraging Your Online Reviews,https://rizereviews.com/how-to-sell-to-millennials-by-leveraging-your-online-reviews/,By Dolly Kate Ching,"June 8, 2023"
51,How To Create a Testimonial Video People Will Actually Watch,https://rizereviews.com/how-to-create-a-testimonial-video-people-will-actually-watch/,By Arrabon Toribio,"June 6, 2023"
52,Tips for Generating More Customer Testimonials To Improve Your Website Conversion Rate,https://rizereviews.com/tips-for-generating-more-customer-testimonials-to-improve-your-website-conversion-rate/,By Arrabon Toribio,"June 1, 2023"
53,Medical Reputation Management: How To Get More 5-Star Online Reviews,https://rizereviews.com/medical-reputation-management-how-to-get-more-5-star-online-reviews/,By Arrabon Toribio,"May 30, 2023"
54,How Much Does Reputation Management Cost?,https://rizereviews.com/how-much-does-reputation-management-cost/,By Emman Velos,"May 25, 2023"
55,Sentiment Analysis: What Is It and Why It’s So Important,https://rizereviews.com/sentiment-analysis-what-is-it-and-why-its-so-important/,By Dolly Kate Ching,"May 23, 2023"
56,Lawyer Reputation Management: How To Get More 5-Star Online Reviews,https://rizereviews.com/lawyer-reputation-management-how-to-get-more-5-star-online-reviews/,By Dolly Kate Ching,"May 18, 2023"
57,Myths and Misconceptions About Online Reviews,https://rizereviews.com/myths-and-misconceptions-about-online-reviews/,By Arrabon Toribio,"May 16, 2023"
58,Reputation Management for Insurance Providers: Why It’s So Important,https://rizereviews.com/reputation-management-for-insurance-providers-why-its-so-important/,By Dolly Kate Ching,"May 11, 2023"
59,Google Publishes Report Revealing How It Catches Fake Local Business Reviews,https://rizereviews.com/google-publishes-report-revealing-how-it-catches-fake-local-business-reviews/,By Arrabon Toribio,"May 9, 2023"
60,6 Ways To Build and Improve Your Brand Awareness Online,https://rizereviews.com/6-ways-to-build-and-improve-your-brand-awareness-online/,By Dolly Kate Ching,"May 4, 2023"
61,Take Control of How Customers Perceive Your Business Online,https://rizereviews.com/take-control-of-how-customers-perceive-your-business-online/,By Dolly Kate Ching,"May 2, 2023"
62,Proven Ways To Create a Memorable Experience for Your Customers,https://rizereviews.com/proven-ways-to-create-a-memorable-experience-for-your-customers/,By Misty Casul,"April 27, 2023"
63,Own Your Narrative: How To Leverage Content Marketing for ORM,https://rizereviews.com/own-your-narrative-how-to-leverage-content-marketing-for-orm/,By Jay Bual,"April 25, 2023"
64,Customer Experience Management for B2B vs B2C: 5 Things You Need To Know,https://rizereviews.com/customer-experience-management-for-b2b-vs-b2c-5-things-you-need-to-know/,By Arrabon Toribio,"April 20, 2023"
65,How Negative Glassdoor Reviews Impact Your Business,https://rizereviews.com/how-negative-glassdoor-reviews-impact-your-business/,By Dolly Kate Ching,"April 18, 2023"
66,How To Develop Reputation-Focused Digital Marketing Campaigns,https://rizereviews.com/how-to-develop-reputation-focused-digital-marketing-campaigns/,By Arrabon Toribio,"April 13, 2023"
67,Is It OK To Delete Negative Social Media Comments on Your Posts?,https://rizereviews.com/is-it-ok-to-delete-negative-social-media-comments-on-your-posts/,By Andy Tubig,"April 11, 2023"
68,How Important Are Directory Submission Sites for Local SEO?,https://rizereviews.com/how-important-are-directory-submission-sites-for-local-seo/,By Andy Tubig,"April 6, 2023"
69,Are You Meeting Customer Expectations? Why Most Businesses Failed in 2022,https://rizereviews.com/are-you-meeting-customer-expectations-why-most-businesses-failed-in-2022/,By Arrabon Toribio,"April 4, 2023"
70,A Small Business Owner’s Guide to Online Reputation Management in 2023,https://rizereviews.com/a-small-business-owners-guide-to-online-reputation-management-in-2023/,By Dolly Kate Ching,"March 30, 2023"
71,Hospitality Reputation Management: How To Get More 5-Star Online Reviews,https://rizereviews.com/hospitality-reputation-management-how-to-get-more-5-star-online-reviews/,By Dolly Kate Ching,"March 28, 2023"
72,Best Practices for Apologizing to Customers Through Online Reviews in 2023,https://rizereviews.com/best-practices-for-apologizing-to-customers-through-online-reviews-in-2023/,By Dolly Kate Ching,"March 23, 2023"
73,How Long Does It Take Google To Publish an Online Review?,https://rizereviews.com/how-long-does-it-take-google-to-publish-an-online-review/,By Meg Datumanong,"March 21, 2023"
74,Top Online Review Sites for Businesses Across Industries,https://rizereviews.com/top-online-review-sites-for-businesses-across-industries/,By Arrabon Toribio,"March 16, 2023"
75,The Dos and Don’ts of Using Canned Online Review Responses,https://rizereviews.com/the-dos-and-donts-of-using-canned-online-review-responses/,By Dolly Kate Ching,"March 14, 2023"
76,10 Signs You Need Help With Your Online Reputation,https://rizereviews.com/10-signs-you-need-help-with-your-online-reputation/,By Misty Casul,"March 9, 2023"
77,What Does a Bad Online Reputation Cost a Business?,https://rizereviews.com/what-does-a-bad-online-reputation-cost-a-business/,By Dolly Kate Ching,"March 7, 2023"
78,Reputation Management for Restaurants: How To Get More 5-Star Online Reviews,https://rizereviews.com/reputation-management-for-restaurants-how-to-get-more-5-star-online-reviews/,By Dolly Kate Ching,"March 2, 2023"
79,What To Expect During a Reputation Repair Campaign,https://rizereviews.com/what-to-expect-during-a-reputation-repair-campaign/,By Justine Lubag,"February 28, 2023"
80,Why Your 5-Star Rating Might Be Scaring Away Customers,https://rizereviews.com/why-your-5-star-rating-might-be-scaring-away-customers/,By Andy Tubig,"February 23, 2023"
81,The Great Resignation: How To Attract Great Employees To Grow Your Business,https://rizereviews.com/the-great-resignation-how-to-attract-great-employees-to-grow-your-business/,By Dolly Kate Ching,"February 21, 2023"
82,How To Create a Long-Term Online Reputation Management (ORM) Plan,https://rizereviews.com/how-to-create-a-long-term-online-reputation-management-orm-plan/,By Meg Datumanong,"February 16, 2023"
83,Key Brand Awareness Metrics You Need To Measure,https://rizereviews.com/key-brand-awareness-metrics-you-need-to-measure/,By Dolly Kate Ching,"February 14, 2023"
84,Online Reputation Management for Higher Education Institutions: Why It’s So Important,https://rizereviews.com/online-reputation-management-for-higher-education-institutions-why-its-so-important/,By Jay Bual,"February 9, 2023"
85,Website Review Widget: Why Your Business Needs One,https://rizereviews.com/website-review-widget-why-your-business-needs-one/,By Dolly Kate Ching,"February 7, 2023"
86,Why People Are More Likely To Leave a Negative Review Than a Positive Review,https://rizereviews.com/why-people-are-more-likely-to-leave-a-negative-review-than-a-positive-review/,By Justine Lubag,"February 2, 2023"
87,How To Attract New Dental Patients With Online Reviews,https://rizereviews.com/how-to-attract-new-dental-patients-with-online-reviews/,By Dolly Kate Ching,"January 31, 2023"
88,How Important Is It To Get Online Reviews in Multiple Languages?,https://rizereviews.com/how-important-is-it-to-get-online-reviews-in-multiple-languages/,By Meg Datumanong,"January 26, 2023"
89,How Online Reviews Impact Your Local Online Visibility,https://rizereviews.com/how-online-reviews-impact-your-local-online-visibility/,By Robert Lee,"January 24, 2023"
90,Does Your Business Need Reputational Risk Insurance?,https://rizereviews.com/does-your-business-need-reputational-risk-insurance/,By Robert Lee,"January 19, 2023"
91,What Is Review Bombing and Tips for Responding to the Dirty Practice,https://rizereviews.com/what-is-review-bombing-and-tips-for-responding-to-the-dirty-practice/,By Robert Lee,"January 17, 2023"
92,How To Get an Older Demographic To Leave Online Reviews,https://rizereviews.com/how-to-get-an-older-demographic-to-leave-online-reviews/,By Robert Lee,"January 12, 2023"
93,Your Complete Guide to White Label Reputation Management,https://rizereviews.com/your-complete-guide-to-white-label-reputation-management/,By Dolly Kate Ching,"January 10, 2023"
94,How To Write a Compelling Online Review Request Email,https://rizereviews.com/how-to-write-a-compelling-online-review-request-email/,By Robert Lee,"January 5, 2023"
95,The Ultimate Guide to B2B Reviews in 2023,https://rizereviews.com/the-ultimate-guide-to-b2b-reviews-in-2023/,By Justine Lubag,"January 3, 2023"
96,What Is Brand Reputation Management and Why You Better Get It Right,https://rizereviews.com/what-is-brand-reputation-management-and-why-you-better-get-it-right/,By Dolly Kate Ching,"December 29, 2022"
97,A Detailed Guide for Effective SMS Marketing,https://rizereviews.com/a-detailed-guide-for-effective-sms-marketing/,By Robert Lee,"December 27, 2022"
98,What Yelp’s New Update Means for Veteran-Owned Businesses,https://rizereviews.com/what-yelps-new-update-means-for-veteran-owned-businesses/,By Dolly Kate Ching,"December 22, 2022"
99,Holiday Reputation Management: Why This Is Your Time To Shine,https://rizereviews.com/holiday-reputation-management-why-this-is-your-time-to-shine/,By Misty Casul,"December 20, 2022"
100,Should You Hire Online Review Monitoring Services?,https://rizereviews.com/should-you-hire-online-review-monitoring-services/,By Dolly Kate Ching,"December 15, 2022"
101,Should My Business Buy Fake Reviews?,https://rizereviews.com/should-my-business-buy-fake-reviews/,By Robert Lee,"December 13, 2022"
102,How Brand Reputation and Brand Mentions Impact Your SEO,https://rizereviews.com/how-brand-reputation-and-brand-mentions-impact-your-seo/,By Misty Casul,"December 8, 2022"
103,What Is Social Listening and Why It Matters for Your Business,https://rizereviews.com/what-is-social-listening-and-why-it-matters-for-your-business/,By Robert Lee,"December 6, 2022"
104,The Importance of Online Reviews for Franchises and How To Encourage Your Franchisees To Generate More,https://rizereviews.com/the-importance-of-online-reviews-for-franchises-and-how-to-encourage-your-franchisees-to-generate-more/,By Misty Casul,"December 1, 2022"
105,How Online Product Reviews and Brand Recognition Are Key to Winning the Holiday Shopping Rush,https://rizereviews.com/how-online-product-reviews-and-brand-recognition-are-key-to-winning-the-holiday-shopping-rush/,By Dolly Kate Ching,"November 29, 2022"
106,How To Woo Customers on the Top Restaurant Review Sites,https://rizereviews.com/how-to-woo-customers-on-the-top-restaurant-review-sites/,By Robert Lee,"November 24, 2022"
107,How To Improve Customer Experience With Brand Consistency and Online Reviews,https://rizereviews.com/how-consistency-and-reviews-improve-customer-experience/,By Dolly Kate Ching,"November 22, 2022"
108,Why Online Customer Reviews Are the Ultimate Salesperson for eCommerce,https://rizereviews.com/why-online-customer-reviews-are-the-ultimate-salesperson-for-ecommerce/,By Dolly Kate Ching,"November 17, 2022"
109,Best Review Response Templates for Speedy Replies,https://rizereviews.com/best-review-response-templates-for-speedy-replies/,By Meg Datumanong,"November 15, 2022"
110,What Is Social Media Emergency Review Response and Why Your Business Needs It,https://rizereviews.com/what-is-social-media-emergency-review-response-and-why-your-business-needs-it/,By Justine Lubag,"November 10, 2022"
111,Why It’s Never a Good Idea To Incentivize Reviews – Good or Bad,https://rizereviews.com/why-its-never-a-good-idea-to-incentivize-reviews-good-or-bad/,By Robert Lee,"November 8, 2022"
112,Should You Automate Your Listings Management?,https://rizereviews.com/should-you-automate-your-listings-management/,By Robert Lee,"November 3, 2022"
113,8 Factors That Determine Your Online Reputation,https://rizereviews.com/8-factors-that-determine-your-online-reputation/,By Robert Lee,"November 1, 2022"
114,4 Reasons To Ask for Video Testimonials,https://rizereviews.com/4-reasons-to-ask-for-video-testimonials/,By Thea Danganan,"October 27, 2022"
115,Is It Better To Take a Preventative or Reactive Approach to Spam and Online Abuse?,https://rizereviews.com/is-it-better-to-take-a-preventative-or-reactive-approach-to-spam-and-online-abuse/,By Justine Lubag,"October 25, 2022"
116,Can a Data Breach Affect Your Brand Reputation?,https://rizereviews.com/can-a-data-breach-affect-your-brand-reputation/,By Dolly Kate Ching,"October 20, 2022"
117,Proactive vs. Reactive Online Reputation Management: What Is Best?,https://rizereviews.com/proactive-vs-reactive-online-reputation-management-what-is-best/,By Robert Lee,"October 18, 2022"
118,How To Broaden Your Digital Presence Through Reputation Management,https://rizereviews.com/how-to-broaden-your-digital-presence-through-reputation-management/,By Dolly Kate Ching,"October 13, 2022"
119,Everything You Need To Know About Meta’s New Policy To Fight Fake Reviews,https://rizereviews.com/everything-you-need-to-know-about-metas-new-policy-to-fight-fake-reviews/,By Meg Datumanong,"October 11, 2022"
120,How You Should Interact With Your Customers on Yelp,https://rizereviews.com/how-you-should-interact-with-your-customers-on-yelp/,By Justine Lubag,"October 6, 2022"
121,Should Your Business Turn Off Its Facebook Reviews? Pros vs. Cons,https://rizereviews.com/should-your-business-turn-off-its-facebook-reviews-pros-vs-cons/,By Robert Lee,"October 4, 2022"
122,Top 5 Reputational Risk Factors That Could Damage Your Brand Image,https://rizereviews.com/top-5-reputational-risk-factors-that-could-damage-your-brand-image/,By Justine Lubag,"September 29, 2022"
123,Rize Now Has More Detailed Free Online Reputation Audit Reports for Competitor Analysis,https://rizereviews.com/rize-now-has-more-detailed-free-online-reputation-audit-reports-for-competitor-analysis/,By Robert Lee,"September 27, 2022"
124,Is the Human Touch Still Necessary for Online Reviews?,https://rizereviews.com/is-the-human-touch-still-necessary-for-online-reviews/,By Meg Datumanong,"September 22, 2022"
125,Reputation Management vs. Crisis Management: How They Work Together,https://rizereviews.com/reputation-management-vs-crisis-management-how-they-work-together/,By Robert Lee,"September 20, 2022"
126,Is Your Brand Trustworthy? How To Demonstrate Trustworthiness With Your Customers,https://rizereviews.com/is-your-brand-trustworthy-how-to-demonstrate-trustworthiness-with-your-customers/,By Robert Lee,"September 15, 2022"
127,Rebranding and Reputation Management: What You Need To Know,https://rizereviews.com/rebranding-and-reputation-management-what-you-need-to-know/,By Robert Lee,"September 13, 2022"
128,What Is the Service Recovery Paradox and How It Enhances Your Brand Reputation,https://rizereviews.com/what-is-the-service-recovery-paradox-and-how-it-enhances-your-brand-reputation/,By Robert Lee,"September 8, 2022"
129,How To Manage Bad Reviews From Your Employees,https://rizereviews.com/how-to-manage-bad-reviews-from-your-employees/,By Dolly Kate Ching,"September 6, 2022"
130,How To Set Up a Local Business Listing and Why It’s Important,https://rizereviews.com/how-to-set-up-a-local-business-listing-and-why-its-important-2/,By Dolly Kate Ching,"September 1, 2022"
131,How To Use Your Apple Maps Reviews To Grow Your Business,https://rizereviews.com/how-to-use-your-apple-maps-reviews-to-grow-your-business/,By Robert Lee,"August 30, 2022"
132,How To Generate More Online Product Reviews and Boost Consumer Confidence,https://rizereviews.com/how-to-generate-more-online-product-reviews-and-boost-consumer-confidence/,By Meg Datumanong,"August 25, 2022"
133,What Is the Better Business Bureau and Why It Matters to Your Online Reputation,https://rizereviews.com/what-is-the-better-business-bureau-and-why-it-matters-to-your-online-reputation/,By Meg Datumanong,"August 23, 2022"
134,How To Ask Busy People for Online Reviews,https://rizereviews.com/how-to-ask-busy-people-for-online-reviews/,By Meg Datumanong,"August 18, 2022"
135,How To Delete Spam Reviews on Facebook,https://rizereviews.com/how-to-delete-spam-reviews-on-facebook/,By Robert Lee,"August 16, 2022"
136,American Medical Association: Physicians Can Respond to Online Patient Reviews,https://rizereviews.com/american-medical-association-physicians-can-respond-to-online-patient-reviews/,By Meg Datumanong,"August 11, 2022"
137,How To Leverage Your Customer Testimonials To Build Stronger Case Studies,https://rizereviews.com/how-to-leverage-your-customer-testimonials-to-build-stronger-case-studies/,By Robert Lee,"August 9, 2022"
138,10 Online Reputation Management Tips for Local Businesses in 2022,https://rizereviews.com/10-online-reputation-management-tips-for-local-businesses-in-2022/,By Robert Lee,"August 4, 2022"
139,How Your Online Reputation Is Being Leveraged on Uber Explore,https://rizereviews.com/how-your-online-reputation-is-being-leveraged-on-uber-explore/,By Dolly Kate Ching,"August 2, 2022"
140,How Online Reputation Management Can Boost Your Employer Branding,https://rizereviews.com/how-online-reputation-management-can-boost-your-employer-branding/,By Shadz Loresco,"July 28, 2022"
141,Why It Matters To Keep Track of Your Competitors’ Online Reputation and Star Ratings,https://rizereviews.com/why-it-matters-to-keep-track-of-your-competitors-online-reputation-and-star-ratings/,By Shadz Loresco,"July 26, 2022"
142,How Online Reviews Actually Influence Consumers,https://rizereviews.com/how-online-reviews-actually-influence-consumers/,By Misty Casul,"July 21, 2022"
143,Why Customer Reviews Are Essential for Your Online Store in 2022,https://rizereviews.com/why-customer-reviews-are-essential-for-your-online-store-in-2022/,By Thea Danganan,"July 19, 2022"
144,How To Analyze (and Outrank) Your Competitors’ Online Reputation and Star Ratings,https://rizereviews.com/how-to-analyze-and-outrank-your-competitors-online-reputation-and-star-ratings/,By Dolly Kate Ching,"July 14, 2022"
145,Google Launches Third Product Review Algorithm Update in Less Than a Year: Why Your Business Better Get This Right,https://rizereviews.com/google-launches-third-product-review-algorithm-update-in-less-than-a-year-why-your-business-better-get-this-right/,By Jay Bual,"July 12, 2022"
146,Creative Ways To Integrate Your Online Reviews and Star Ratings Into Your Digital Marketing Strategies,https://rizereviews.com/creative-ways-to-integrate-your-online-reviews-and-star-ratings-into-your-digital-marketing-strategies/,By Robert Lee,"July 7, 2022"
147,A Fundamental Guide to Online Reputation Management,https://rizereviews.com/a-fundamental-guide-to-online-reputation-management/,By Dolly Kate Ching,"July 5, 2022"
148,How To Choose the Right Online Reputation Management Company,https://rizereviews.com/how-to-choose-the-right-online-reputation-management-company/,By Dolly Kate Ching,"June 30, 2022"
149,What Reputational Risk Is and How Your Business Can Protect Itself,https://rizereviews.com/what-reputational-risk-is-and-how-your-business-can-protect-itself/,By Robert Lee,"June 28, 2022"
150,How To Improve Your Healthcare Practice Through Patient Satisfaction Surveys,https://rizereviews.com/how-to-improve-your-healthcare-practice-through-patient-satisfaction-surveys/,By Robert Lee,"June 23, 2022"
151,Reputation Management Software: How To Find the Best for Your Business in 2022,https://rizereviews.com/reputation-management-software-how-to-find-the-best-for-your-business-in-2022/,By Dolly Kate Ching,"June 21, 2022"
152,The Most Important Local Citations You Should Claim,https://rizereviews.com/the-most-important-local-citations-you-should-claim/,By Dolly Kate Ching,"June 16, 2022"
153,How To Strategically Use Your Online Reviews in Your Buyer’s Journey,https://rizereviews.com/how-to-strategically-use-your-online-reviews-in-your-buyers-journey/,By Emman Velos,"June 14, 2022"
154,Yelp Review Best Practices in 2022,https://rizereviews.com/yelp-review-best-practices-in-2022/,By Dolly Kate Ching,"June 9, 2022"
155,Online Reputation Management Tactics for Multi-Location Businesses,https://rizereviews.com/online-reputation-management-tactics-for-multi-location-businesses/,By Thea Danganan,"June 7, 2022"
156,Review Request Fatigue: How Often Should You Ask For Online Reviews and What’s Too Much?,https://rizereviews.com/review-request-fatigue-how-often-should-you-ask-for-online-reviews-and-whats-too-much/,By Misty Casul,"June 2, 2022"
157,What Are Verified Reviews and How Do You Acquire Them?,https://rizereviews.com/what-are-verified-reviews-and-how-do-you-acquire-them/,By Misty Casul,"May 31, 2022"
158,How To Respond to Online Reviews in a Highly Regulated Industry,https://rizereviews.com/how-to-respond-to-online-reviews-in-a-highly-regulated-industry/,By Judyann Sonido,"May 26, 2022"
159,What To Do When Your Google Business Profile Is Suspended,https://rizereviews.com/what-to-do-when-your-google-business-profile-is-suspended/,By Emman Velos,"May 24, 2022"
160,Do Online Reviews Really Matter for Medical Providers,https://rizereviews.com/do-online-reviews-really-matter-for-medical-providers/,By Shadz Loresco,"May 19, 2022"
161,How To Remove Bad Reviews from Yelp,https://rizereviews.com/how-to-remove-bad-reviews-from-yelp/,By Louise Bautista,"May 17, 2022"
162,Five Top Reasons Why Customers Leave You Negative Reviews,https://rizereviews.com/five-top-reasons-why-customers-leave-you-negative-reviews/,By Misty Casul,"May 12, 2022"
163,Net Promoter Score Survey Best Practices You Should Be Using,https://rizereviews.com/net-promoter-score-survey-best-practices-you-should-be-using/,By Misty Casul,"May 10, 2022"
164,How Many Online Reviews Does My Business Need To Make a Difference?,https://rizereviews.com/how-many-online-reviews-does-my-business-need-to-make-a-difference/,By Thea Danganan,"May 5, 2022"
165,10 Ways To Expand Your Brand Reputation,https://rizereviews.com/10-ways-to-expand-your-brand-reputation/,By Misty Casul,"May 3, 2022"
166,Best Online Review Platforms for Your Business in 2022,https://rizereviews.com/best-online-review-platforms-for-your-business-in-2022/,By Misty Casul,"April 28, 2022"
167,How Product Reviews Impact Your Search Traffic and Conversions,https://rizereviews.com/how-product-reviews-impact-your-search-traffic-and-conversions/,By Emman Velos,"April 26, 2022"
168,How Negative Employee Reviews Hurt Your Brand and How To Respond,https://rizereviews.com/how-negative-employee-reviews-hurt-your-brand-and-how-to-respond/,By Thea Danganan,"April 21, 2022"
169,Customer Satisfaction Survey Best Practices You Should Be Using,https://rizereviews.com/customer-satisfaction-survey-best-practices-you-should-be-using/,By Judyann Sonido,"April 19, 2022"
170,What Is Two Way SMS and How It Can Help Grow Your Business,https://rizereviews.com/what-is-two-way-sms-and-how-it-can-help-grow-your-business/,By Thea Danganan,"April 14, 2022"
171,How To Use Word of Mouth Marketing To Build Your Brand Presence,https://rizereviews.com/how-to-use-word-of-mouth-marketing-to-build-your-brand-presence/,By Thea Danganan,"April 12, 2022"
172,How To Remove Facebook Reviews,https://rizereviews.com/how-to-remove-facebook-reviews/,By Thea Danganan,"April 7, 2022"
173,How To Remove Google Reviews,https://rizereviews.com/how-to-remove-google-reviews/,By Emman Velos,"April 5, 2022"
174,How To Get More 5-Star Glassdoor Reviews,https://rizereviews.com/how-to-get-more-5-star-glassdoor-reviews/,By Thea Danganan,"March 31, 2022"
175,How Your Online Reviews Improve Your Business’s Revenue,https://rizereviews.com/how-your-online-reviews-improve-your-businesss-revenue/,By Misty Casul,"March 29, 2022"
176,Google Explains How It Handles Google Maps Reviews Left for Local Businesses,https://rizereviews.com/google-explains-how-it-handles-google-maps-reviews-left-for-local-businesses/,By Thea Danganan,"March 24, 2022"
177,How To Integrate Online Reviews Into Your Marketing Process,https://rizereviews.com/how-to-integrate-online-reviews-into-your-marketing-process/,By Misty Casul,"March 22, 2022"
178,The Role of Reputation Management in Each Stage of the Buyer’s Journey,https://rizereviews.com/the-role-of-reputation-management-in-each-stage-of-the-buyers-journey/,By Thea Danganan,"March 17, 2022"
179,Mental Health Review Response Is on the Rise: Here’s What You Need To Know,https://rizereviews.com/mental-health-review-response-is-on-the-rise-heres-what-you-need-to-know/,By Thea Danganan,"March 15, 2022"
180,How To Navigate and Manage the Sensitive Medical Review Response Landscape,https://rizereviews.com/how-to-navigate-and-manage-the-medical-review-response-landscape/,By Emman Velos,"March 10, 2022"
181,How Customer Satisfaction Scores Provide Insights To Improve Your Business,https://rizereviews.com/how-customer-satisfaction-scores-provide-insights-to-improve-your-business/,By Jay Bual,"March 8, 2022"
182,QR Codes Are Trending and Here’s How They Can Help Your Business Increase Online Reviews,https://rizereviews.com/qr-codes-are-trending-and-heres-how-they-can-help-your-business-increase-online-reviews/,By Emman Velos,"March 3, 2022"
183,How To Grow Your Online Reputation so You Become the Go-To HVAC Company in Town,https://rizereviews.com/how-to-grow-your-online-reputation-so-you-become-the-go-to-hvac-company-in-town/,By Thea Danganan,"March 1, 2022"
184,What Google’s Local Search Update Means for Your Business,https://rizereviews.com/what-googles-local-search-update-means-for-your-business/,By Emman Velos,"February 24, 2022"
185,How To Grow Your Online Reputation so You Become the Leading Hospital in Town,https://rizereviews.com/how-to-grow-your-online-reputation-so-you-become-the-leading-hospital-in-town/,By Emman Velos,"February 22, 2022"
186,How To Grow Your Online Reputation so You Become the Go-To Law Firm in Town,https://rizereviews.com/how-to-grow-your-online-reputation-so-you-become-the-go-to-law-firm-in-town/,By Thea Danganan,"February 17, 2022"
187,Do Americans Like To Write Reviews?,https://rizereviews.com/do-americans-like-to-write-reviews/,By Shadz Loresco,"February 15, 2022"
188,How To Grow Your Online Reputation so You Become the Go-To Car Dealership in Town,https://rizereviews.com/how-to-grow-your-online-reputation-so-you-become-the-go-to-car-dealership-in-town/,By Thea Danganan,"February 10, 2022"
189,Why Customer Advocacy Is at the Heart of Online Reputation Management,https://rizereviews.com/why-customer-advocacy-is-at-the-heart-of-online-reputation-management/,By Emman Velos,"February 8, 2022"
190,What Makes Online Reviews Trustworthy?,https://rizereviews.com/what-makes-online-reviews-trustworthy/,By Shadz Loresco,"February 3, 2022"
191,How To Grow Your Online Reputation so You Become the Go-To Gym in Town,https://rizereviews.com/how-to-grow-your-online-reputation-so-you-become-the-go-to-gym-in-town/,By Thea Danganan,"February 1, 2022"
192,How To Grow Your Online Reputation so You Become the Go-To Plumber in Town,https://rizereviews.com/how-to-grow-your-online-reputation-so-you-become-the-go-to-plumber-in-town/,By Misty Casul,"January 27, 2022"
193,Incentivized Reviews: How They Can Boost Your Business and Brand,https://rizereviews.com/incentivized-reviews-how-they-can-boost-your-business-and-brand/,By Shadz Loresco,"January 25, 2022"
194,Buying Daisies and Sliding Into DMs: Americans Rate How They Spend Valentine’s Day,https://rizereviews.com/buying-daisies-and-sliding-americans-rate-how-they-spend-valentines-day/,By Shadz Loresco,"January 21, 2022"
195,Why Do Your Social Media Followers Unfollow Your Brand?,https://rizereviews.com/why-do-your-social-media-followers-unfollow-your-brand/,By Thea Danganan,"January 20, 2022"
196,How To Use SMS Marketing for Online Reputation Management,https://rizereviews.com/how-to-use-sms-marketing-for-online-reputation-management/,By Shadz Loresco,"January 18, 2022"
197,Why Lawyer Reputation Management Can Be Challenging and Best Practices,https://rizereviews.com/why-lawyer-reputation-management-can-be-challenging-and-best-practices/,By Thea Danganan,"January 12, 2022"
198,How To Keep Your Restaurant Reputation Management in Good Standing Despite a Worker Shortage,https://rizereviews.com/how-to-keep-your-restaurant-reputation-management-in-good-standing-despite-a-worker-shortage/,By Shadz Loresco,"January 5, 2022"
199,"As Online Reviews Grow Harsher and More Political These Days, Here’s How Rize Can Help",https://rizereviews.com/as-online-reviews-grow-harsher-and-more-political-these-days-heres-how-rize-can-help/,By Shadz Loresco,"December 29, 2021"
200,5 Tips for Leveraging Online Reviews During the Holiday Season,https://rizereviews.com/5-tips-for-leveraging-online-reviews-during-the-holiday-season/,By Emman Velos,"December 22, 2021"
201,How Every Rize Reviews Client Can Take Advantage of QR Codes,https://rizereviews.com/how-every-rize-reviews-client-can-take-advantage-of-qr-codes/,By Shadz Loresco,"December 15, 2021"
202,How Financial Advisors Can Ramp Up Their Online Review Management,https://rizereviews.com/how-financial-advisors-can-ramp-up-their-online-review-management/,By Louise Bautista,"December 8, 2021"
203,Everything You Need To Know About Yelp’s New Online Review Features,https://rizereviews.com/everything-you-need-to-know-about-yelps-new-online-review-features/,By Emman Velos,"December 1, 2021"
204,The Negative Impact of Fake Reviews and How To Win Back Consumer Trust,https://rizereviews.com/the-negative-impact-of-fake-reviews-and-how-to-win-back-consumer-trust/,By Emman Velos,"November 24, 2021"
205,Why Your Online Reputation Matters Even Before Customers Reach Your Website,https://rizereviews.com/why-your-online-reputation-matters-even-before-customers-reach-your-website/,By Emman Velos,"November 17, 2021"
206,The Difference Between Written and Video Testimonials and Why You Need Both,https://rizereviews.com/the-difference-between-written-and-video-testimonials-and-why-you-need-both/,By Shadz Loresco,"November 10, 2021"
207,Top Industries Where Customer Reviews Are Critical,https://rizereviews.com/top-industries-where-customer-reviews-are-critical/,By Emman Velos,"November 3, 2021"
208,Customer Engagement Strategies That Help Boost Your Reputation Management,https://rizereviews.com/customer-engagement-strategies-that-help-boost-your-reputation-management/,By Emman Velos,"October 27, 2021"
209,How Google My Business Photos Help You Connect With Customers,https://rizereviews.com/how-google-my-business-photos-help-you-connect-with-customers/,By Emman Velos,"October 20, 2021"
210,How To Turn a Disgruntled Customer Into a Brand Advocate,https://rizereviews.com/how-to-turn-a-disgruntled-customer-into-a-brand-advocate/,By Thea Serrano,"October 13, 2021"
211,Best Ways To Get Your Customers To Leave Video Testimonials,https://rizereviews.com/best-ways-to-get-your-customers-to-leave-video-testimonials/,By Thea Serrano,"October 6, 2021"
212,How To Ask For a Testimonial From a Client,https://rizereviews.com/how-to-request-and-get-a-customer-testimonial/,By Thea Serrano,"September 29, 2021"
213,NPS Survey Best Practices and How To Use Them To Guide Your Marketing Decisions,https://rizereviews.com/nps-survey-best-practices-and-how-to-use-them-to-guide-your-marketing-decisions/,By Thea Serrano,"September 22, 2021"
214,Should You Use a Customer Service Chatbot for Customer Support?,https://rizereviews.com/should-you-outsource-your-customer-service-and-review-response-to-a-chatbot/,By Kim Barloso,"September 15, 2021"
215,How a Business Should Respond to Online Trolls and Hate Speech (Dos and Don’ts),https://rizereviews.com/how-a-business-should-respond-to-online-trolls-and-hate-speech-dos-and-donts/,By Shadz Loresco,"September 8, 2021"
216,How To Use Sentiment Analysis in Your Reputation Management Strategy,https://rizereviews.com/using-sentiment-analysis-in-your-reputation-management-strategy/,By Thea Serrano,"September 1, 2021"
217,Why eCommerce Businesses Need Reputation Management,https://rizereviews.com/why-ecommerce-businesses-need-reputation-management/,By Kim Barloso,"August 25, 2021"
218,Digital.com Recognizes Rize Reviews Among the Best Review Management Software of 2021,https://rizereviews.com/rize-reviews-among-the-best-review-management-software-of-2021/,By Judyann Sonido,"August 18, 2021"
219,The Industries That Need Reputation Management the Most: Did Your Business Make the List?,https://rizereviews.com/the-industries-that-need-reputation-management-the-most-did-your-business-make-the-list/,By Kim Barloso,"August 11, 2021"
220,How To Respond to Online Reviews and Why You Should ALWAYS Do It,https://rizereviews.com/how-to-respond-to-online-reviews-and-why-you-should-always-do-it/,By Shadz Loresco,"August 4, 2021"
221,Why Financial Advisors Can Now Acquire and Leverage Google Reviews for Marketing,https://rizereviews.com/why-financial-advisors-can-now-acquire-and-leverage-google-reviews-for-marketing/,By Thea Serrano,"July 28, 2021"
222,How Chiropractors Can Leverage Online Reviews To Add More Clients,https://rizereviews.com/chiropractors-online-reviews,By Kim Barloso,"July 21, 2021"
223,Why Reputation Management Software Is Vital for Every Business,https://rizereviews.com/why-reputation-management-software-is-vital-for-every-business/,By Kim Barloso,"July 14, 2021"
224,Why Yelp Is Hiding So Many Legitimate Online Reviews in Its ‘Non-Recommended’ Section,https://rizereviews.com/why-yelp-is-hiding-so-many-legitimate-online-reviews-in-its-non-recommended-section/,By Thea Serrano,"July 7, 2021"
225,10 Experience Marketing Tips for Law Firms,https://rizereviews.com/10-experience-marketing-tips-for-law-firms/,By Eve Bacarrisas,"June 30, 2021"
226,5 Ways Every Business Can Use Its Online Reviews To Sell More,https://rizereviews.com/5-ways-every-business-can-use-its-online-reviews-to-sell-more/,By Thea Serrano,"June 23, 2021"
227,"How to Get, Manage and Monitor Amazon Reviews",https://rizereviews.com/how-to-get-manage-and-monitor-amazon-reviews/,By Ellen Sipp-Paris,"June 16, 2021"
228,How To Generate More Patient Reviews for Your Hospital or Practice,https://rizereviews.com/how-to-generate-more-patient-reviews-for-your-hospital-or-practice/,By Shadz Loresco,"June 9, 2021"
229,Rize Reviews Named Among Top-Rated and Most Popular Review Management Tools of 2021 by Capterra,https://rizereviews.com/rize-reviews-named-among-top-rated-and-most-popular-review-management-tools-of-2021-by-capterra/,By Judyann Sonido,"June 2, 2021"
230,10 Reasons Why Online Reviews Matter More than Ever in 2021,https://rizereviews.com/10-reasons-why-online-reviews-matter-more-than-ever-in-2021/,By Shadz Loresco,"May 26, 2021"
231,Citation Management: Why Your Business Should Be Using Local Listing Services,https://rizereviews.com/citation-management-why-your-business-should-be-using-local-listing-services/,By Shadz Loresco,"May 19, 2021"
232,Corporate Reputation Management: How To Get It Right and Why It’s Important,https://rizereviews.com/corporate-reputation-management-how-to-get-it-right-and-why-its-important/,By Thea Serrano,"May 12, 2021"
233,What Is Reputation Marketing and Why It’s Important for Your Local Business,https://rizereviews.com/what-is-reputation-marketing-and-why-its-important-for-your-local-business/,By Shadz Loresco,"May 5, 2021"
234,Online Reviews Statistics You Should Know in 2021,https://rizereviews.com/online-reviews-statistics-you-should-know-in-2021/,By Kim Barloso,"April 28, 2021"
235,What Is a Review Management Service and Why It’s Important,https://rizereviews.com/what-is-a-review-management-service-and-why-its-important/,By Thea Serrano,"April 21, 2021"
236,Peak Happiness Point: When Is the Best Time To Ask for Customer Reviews?,https://rizereviews.com/peak-happiness-point-when-is-the-best-time-to-ask-for-customer-reviews/,By Shadz Loresco,"April 14, 2021"
237,What Is Online Reputation Monitoring and Why It’s Important for Your Business,https://rizereviews.com/what-is-online-reputation-monitoring-and-why-its-important-for-your-business/,By Kim Barloso,"April 7, 2021"
238,Why Net Promoter Score Is So Important for Your Business,https://rizereviews.com/why-net-promoter-score-is-so-important-for-your-business/,By Shadz Loresco,"March 31, 2021"
239,Why Choose Rize Reviews as an Alternative to Mailchimp for Email Marketing,https://rizereviews.com/why-choose-rize-reviews-as-an-alternative-to-mailchimp-for-email-marketing/,By Kim Barloso,"March 24, 2021"
240,Why Franchise Business Reviews Are Important,https://rizereviews.com/why-a-franchise-business-review-is-so-important/,By Kim Barloso,"March 17, 2021"
241,What is a Customer Satisfaction Survey and Why it’s Important,https://rizereviews.com/what-is-a-customer-satisfaction-survey-and-why-its-important/,By Eve Bacarrisas,"March 10, 2021"
242,How Online Reviews Influence Customer Lifetime Value,https://rizereviews.com/how-online-reviews-influence-customer-lifetime-value/,By Kim Barloso,"March 3, 2021"
243,How to Grow Your Franchise Business With Reputation Management,https://rizereviews.com/how-to-grow-your-franchise-business-with-reputation-management/,By Shadz Loresco,"February 24, 2021"
244,Why It’s Important to Generate Reviews for a New Business,https://rizereviews.com/why-its-important-to-generate-reviews-for-a-new-business/,By Kim Barloso,"February 17, 2021"
245,How to Use the Rize Review Widget and Why It’s Important,https://rizereviews.com/how-to-use-the-rize-review-widget-and-why-its-important/,By Shadz Loresco,"February 10, 2021"
246,Why Showing Off Your Online Reviews Can Increase Conversions,https://rizereviews.com/why-showing-off-your-online-reviews-can-increase-conversions/,By Kim Barloso,"February 3, 2021"
247,How to Sell Reputation Management With No In-House Team,https://rizereviews.com/how-to-sell-reputation-management-with-no-in-house-team/,By Kim Barloso,"January 27, 2021"
248,How to Measure Brand Perception and Why it Matters,https://rizereviews.com/how-to-measure-brand-perception-and-why-it-matters/,By Thea Serrano,"January 20, 2021"
249,How to Respond to Teledoc Reviews,https://rizereviews.com/how-to-respond-to-teledoc-reviews/,By Thea Serrano,"January 13, 2021"
250,How to Respond to Online Reviews For Counselors,https://rizereviews.com/how-to-respond-to-online-reviews-for-counselors/,By Kim Barloso,"January 6, 2021"
251,How Lawyers Should Respond to Avvo Reviews,https://rizereviews.com/how-lawyers-should-respond-to-avvo-reviews/,By Shadz Loresco,"December 30, 2020"
252,Happy Holidays from Rize Reviews,https://rizereviews.com/happy-holidays-from-rize-reviews/,By Megan Sell,"December 25, 2020"
253,How Online Reputation Management Can Give Your Business a Competitive Edge,https://rizereviews.com/how-online-reputation-management-can-give-your-business-a-competitive-edge/,By Thea Serrano,"December 23, 2020"
254,How to Get More Google Maps Reviews,https://rizereviews.com/how-to-get-more-google-maps-reviews/,By Thea Serrano,"December 17, 2020"
255,Online Review Response Best Practices,https://rizereviews.com/online-review-response-best-practices/,By Kim Barloso,"December 9, 2020"
256,10 Ways to Ensure a Positive Patient Experience and Online Review,https://rizereviews.com/10-ways-to-ensure-a-positive-patient-experience-and-online-review/,By Thea Serrano,"December 2, 2020"
257,Happy Thanksgiving From Rize Reviews!,https://rizereviews.com/happy-thanksgiving-from-rize-reviews-2020/,By Lesley Marchant,"November 26, 2020"
258,How Banks Can Improve Their Online Reputation,https://rizereviews.com/how-banks-can-improve-their-online-reputation/,By Kim Barloso,"November 25, 2020"
259,What is Online Reputation Marketing and Why You Need It,https://rizereviews.com/what-is-online-reputation-marketing-and-why-you-need-it/,By Kim Barloso,"November 18, 2020"
260,How to Harness the Power of Customer Experience Marketing,https://rizereviews.com/how-to-harness-the-power-of-customer-experience-marketing/,By Kim Barloso,"November 11, 2020"
261,The 10 Industries Most Affected by Online Reviews,https://rizereviews.com/10-industries-most-affected-by-online-reviews/,By Thea Serrano,"November 4, 2020"
262,How to Use a Review Audit to Boost Your Online Reputation,https://rizereviews.com/how-to-use-a-review-audit-to-boost-your-online-reputation/,By Kim Barloso,"October 28, 2020"
263,Thrive Named Top 3 Best Reputation Management Company by Neil Patel,https://rizereviews.com/thrive-named-top-3-best-reputation-management-company-by-neil-patel/,By Judyann Sonido,"October 20, 2020"
264,The Best Hotel Review Sites You Need to Know,https://rizereviews.com/the-most-important-hotel-review-sites-you-need-to-know/,By Kim Barloso,"October 16, 2020"
265,10 Ways to Boost Reputation Management for Doctors,https://rizereviews.com/10-ways-to-boost-reputation-management-for-doctors/,By Kim Barloso,"October 7, 2020"
266,What is Brand Reputation Management and Why it Matters,https://rizereviews.com/what-is-brand-reputation-management-and-why-it-matters/,By Kim Barloso,"September 30, 2020"
267,How to Spot Fake Yelp Reviews and What to Do Next,https://rizereviews.com/how-to-spot-fake-yelp-reviews-and-what-to-do-next/,By Kim Barloso,"September 24, 2020"
268,8 Ways to Use Online Reviews to Close More Deals,https://rizereviews.com/8-ways-to-use-online-reviews-to-close-more-deals/,By Kim Barloso,"September 16, 2020"
269,Real Estate Agent Review Sites You Need to Know,https://rizereviews.com/real-estate-agent-review-sites-you-need-to-know/,By Emman Velos,"September 10, 2020"
270,How to Get More 5 Star Google Reviews,https://rizereviews.com/how-to-get-more-5-star-google-reviews/,By Thea Serrano,"September 3, 2020"
271,Why Social Media Reputation Management Really Matters to Your Business,https://rizereviews.com/why-social-media-reputation-management-really-matters-to-your-business/,By Kim Barloso,"August 26, 2020"
272,SEO Reputation Management: Everything You Need to Know,https://rizereviews.com/seo-reputation-management,By Judyann Sonido,"August 19, 2020"
273,Why Yelp Review Management is a Must For Your Business,https://rizereviews.com/why-yelp-review-management-is-a-must-for-your-business/,By Kim Barloso,"August 12, 2020"
274,Reputation Recovery: How to Repair Your Business’ Brand Image,https://rizereviews.com/reputation-recovery-how-to-repair-your-business-brand-image/,By Kim Barloso,"August 5, 2020"
275,How to Encourage Customers to Write Reviews,https://rizereviews.com/how-to-encourage-customers-to-write-reviews/,By Thea Serrano,"July 29, 2020"
276,How to Turn Negative Reviews into Marketing Wins,https://rizereviews.com/how-to-turn-negative-reviews-into-marketing-wins/,By Kim Barloso,"July 22, 2020"
277,A Simple Guide To Manage Google Reviews,https://rizereviews.com/how-do-i-manage-my-google-reviews/,By Judyann Sonido,"July 16, 2020"
278,Is SMS or Email Better for Online Review Generation?,https://rizereviews.com/is-sms-or-email-better-for-online-review-generation/,By Kim Barloso,"July 1, 2020"
279,Enterprise Reputation Management Solutions That Make A Big Difference,https://rizereviews.com/enterprise-reputation-management-solutions-that-make-a-big-difference/,By Judyann Sonido,"June 18, 2020"
280,How White Label Reputation Management Services Can Streamline Your Business Operations,https://rizereviews.com/how-white-label-reputation-management-services-can-streamline-your-business-operations/,By Kim Barloso,"June 11, 2020"
281,How to Respond to Negative Funeral Home Reviews,https://rizereviews.com/how-to-respond-to-negative-funeral-home-reviews/,By Michael Dimaano,"June 3, 2020"
282,How to Respond to Negative Reviews for Nursing Homes,https://rizereviews.com/how-to-respond-to-negative-reviews-for-nursing-homes/,By Kim Barloso,"May 21, 2020"
283,Online Reputation Management For B2B Businesses,https://rizereviews.com/online-reputation-management-for-b2b-businesses/,By Michael Dimaano,"May 1, 2020"
284,Take Advantage of Rize Reviews’ FREE Trial Offer for the Next 30 Days,https://rizereviews.com/take-advantage-of-rize-reviews-free-trial-offer-for-the-next-30-days/,By Courtney Quigley,"April 22, 2020"
285,Why it’s Important to Respond to Google Reviews in a Timely Manner,https://rizereviews.com/why-its-important-to-respond-to-online-reviews-in-a-timely-manner/,By Kim Barloso,"April 8, 2020"
286,Developing a Solid Online Review Strategy for Your Business: Your Step-By-Step Guide,https://rizereviews.com/developing-a-solid-online-review-strategy-for-your-business-your-step-by-step-guide/,By Michael Dimaano,"April 1, 2020"
287,What You Need to Know About Google My Business Reviews During the Coronavirus,https://rizereviews.com/what-you-need-to-know-about-google-my-business-reviews-during-the-coronavirus/,By Courtney Quigley,"March 30, 2020"
288,Do Online Reviews Affect Your Revenue?,https://rizereviews.com/do-online-reviews-affect-your-revenue/,By Kim Barloso,"March 19, 2020"
289,How to Get More Online Reviews for Multiple-Location Businesses,https://rizereviews.com/how-to-get-more-online-reviews/,By Kim Barloso,"March 12, 2020"
290,Tips For Getting More Reviews For Your Business,https://rizereviews.com/tips-for-getting-more-reviews-for-your-business/,By Michael Dimaano,"March 10, 2020"
291,How To Remove Negative Reviews From Google,https://rizereviews.com/how-to-remove-negative-reviews-from-google/,By Kim Barloso,"February 25, 2020"
292,Online Reputation Management Tips For Local Businesses,https://rizereviews.com/online-reputation-management-tips-for-local-businesses/,By Michael Dimaano,"January 31, 2020"
293,How to Deal with Negative Reviews Online,https://rizereviews.com/how-to-bounce-back-from-negative-online-reviews/,By Judyann Sonido,"January 29, 2020"
294,Why You Need to Build and Protect Your Online Reputation,https://rizereviews.com/why-you-need-to-build-and-protect-your-online-reputation/,By Judyann Sonido,"January 20, 2020"
295,5 Tips to Boost Your Brand’s Online Reputation,https://rizereviews.com/5-tips-to-boost-your-brands-online-reputation/,By Michael Dimaano,"December 16, 2019"
296,Rize Reviews vs. Reputation X Comparison,https://rizereviews.com/rize-reviews-vs-reputation-x-comparison/,By Michael Dimaano,"December 11, 2019"
297,Happy Thanksgiving From Rize Reviews,https://rizereviews.com/happy-thanksgiving-from-rize-reviews/,By Brandon George,"November 28, 2019"
298,How To Address Negative Feedback Online,https://rizereviews.com/how-to-address-negative-feedback-online/,By Alan Muther,"November 25, 2019"
299,Should You Ask Your Clients to Change Their Reviews?,https://rizereviews.com/should-you-ask-your-clients-to-change-their-reviews/,By Alan Muther,"November 20, 2019"
300,Can 5-Star Reviews Really Help Your Business?,https://rizereviews.com/can-5-star-reviews-really-help-your-business/,By Alan Muther,"November 8, 2019"
301,How to Perform an Analysis of Your Online Reputation,https://rizereviews.com/how-to-perform-an-analysis-of-your-online-reputation/,By Alan Muther,"November 5, 2019"
302,How to Handle Fake or Inaccurate Customer Reviews,https://rizereviews.com/how-to-handle-fake-or-inaccurate-customer-reviews/,By ThriveAdmin,"October 30, 2019"
303,Rize Reviews vs. Reviews.io Comparison,https://rizereviews.com/rize-reviews-vs-reviews-io-comparison/,By ThriveAdmin,"October 23, 2019"
304,How To Get More 5 Star Reviews,https://rizereviews.com/how-to-get-more-5-star-reviews/,By ThriveAdmin,"October 15, 2019"
305,Rize Reviews vs. Podium Comparison,https://rizereviews.com/rize-reviews-vs-podium-comparison/,By ThriveAdmin,"October 8, 2019"
306,What is Social Proof and Why is it Important for Your Business?,https://rizereviews.com/what-is-social-proof-and-why-is-it-important-for-your-business/,By Allie Radler,"October 8, 2019"
307,How to Use Online Reviews to Improve Your Customer Service,https://rizereviews.com/how-to-use-online-reviews-to-improve-your-customer-service/,By Allie Radler,"October 2, 2019"
308,Rize Reviews vs. Grade.us Comparison,https://rizereviews.com/rize-reviews-vs-grade-us/,By Allie Radler,"September 25, 2019"
309,How to Repair a Poor Business Reputation,https://rizereviews.com/how-to-repair-a-poor-business-reputation/,By Allie Radler,"September 20, 2019"
310,Rize Reviews vs. BirdEye Comparison,https://rizereviews.com/rize-reviews-vs-birdeye-comparison/,By Allie Radler,"September 20, 2019"
311,How To Manage Your Google Reviews,https://rizereviews.com/how-to-manage-your-google-reviews/,By Allie Radler,"September 13, 2019"
312,How To Push Down Negative Search Results For Your Brand In Google,https://rizereviews.com/how-to-push-down-negative-search-results-for-your-brand-in-google/,By Allie Radler,"September 5, 2019"
313,How To Get More Google Reviews,https://rizereviews.com/how-to-get-more-google-reviews/,By Allie Radler,"August 27, 2019"
314,Online Reputation Repair: 5 Essential Tips,https://rizereviews.com/online-reputation-repair-5-essential-tips/,By Allie Radler,"August 22, 2019"
315,How To Increase Your Orthodontist Reviews,https://rizereviews.com/how-to-increase-your-orthodontist-reviews/,By Brandon George,"August 13, 2019"
316,How Plastic Surgeon Reviews Enhance Your Business,https://rizereviews.com/how-plastic-surgeon-reviews-enhance-your-business/,By Brandon George,"August 6, 2019"
317,5 Ways Bed and Breakfast Reviews Keep you Sold Out,https://rizereviews.com/5-ways-bed-and-breakfast-reviews-keep-you-sold-out/,By Brandon George,"July 30, 2019"
318,5 Ways Assisted Living Reviews Help Senior Care Facilities,https://rizereviews.com/5-ways-assisted-living-reviews-help-senior-care-facilities/,By Brandon George,"July 23, 2019"
319,5 Ways To Improve Your Auto Repair Shop Reviews,https://rizereviews.com/5-ways-mechanic-reviews-help-auto-repair-shops/,By Brandon George,"July 16, 2019"
320,5 Reasons Law Firm Reviews Are Essential,https://rizereviews.com/5-reasons-law-firm-reviews-are-essential/,By Brandon George,"July 9, 2019"
321,Key Online Review Tips for Manufacturing Companies,https://rizereviews.com/key-online-review-tips-for-manufacturing-companies/,By Tim Clarke,"July 2, 2019"
322,5 Reasons Why Positive Reviews are Vital for Health Clinics,https://rizereviews.com/positive-reviews-for-clinics/,By Brandon George,"June 25, 2019"
323,How More Reviews Help Transportation Companies Grow,https://rizereviews.com/how-more-reviews-help-transportation-companies-grow/,By Amber Ooley,"June 19, 2019"
324,Why patient reviews are critical for healthcare facilities,https://rizereviews.com/why-patient-reviews-matter/,By Tim Clarke,"June 13, 2019"
325,Online Reputation Management Tips for Banks,https://rizereviews.com/online-reputation-management-tips-for-banks/,By Tim Clarke,"June 4, 2019"
326,Why Online Reviews Are Vital for Credit Unions,https://rizereviews.com/why-online-reviews-are-vital-for-credit-unions/,By Amber Ooley,"May 30, 2019"
327,Simple Methods to Getting Better Online Reviews for Contractors,https://rizereviews.com/simple-methods-to-getting-better-online-reviews-for-contractors/,By Tim Clarke,"May 27, 2019"
328,Why reviews are so important for the travel & tourism industry,https://rizereviews.com/why-reviews-are-so-important-for-the-travel-tourism-industry/,By Brent Nau,"May 21, 2019"
329,How to Manage Your Brand’s Online Reputation Like a Pro,https://rizereviews.com/how-to-manage-your-brands-online-reputation-like-a-pro/,By Moosa Hemani,"May 13, 2019"
330,4 keys to automotive reputation management,https://rizereviews.com/4-keys-to-automotive-reputation-management/,By Amber Ooley,"May 7, 2019"
331,How to simplify your online review management,https://rizereviews.com/how-to-simplify-your-online-review-management/,By Brent Nau,"April 30, 2019"
332,How to Perform a Review Audit,https://rizereviews.com/how-to-perform-a-review-audit/,By Amber Ooley,"April 22, 2019"
333,4 reasons why fitness studios & gyms need online reviews,https://rizereviews.com/reasons-why-fitness-studios-gyms-need-online-reviews/,By Amber Ooley,"April 18, 2019"
334,Reasons why pet care businesses need online reviews,https://rizereviews.com/reasons-why-pet-care-businesses-need-online-reviews/,By Amber Ooley,"April 16, 2019"
335,How Reviews Can Affect A Hotel’s Reputation,https://rizereviews.com/hotel-reputation-reviews/,By Amber Ooley,"April 11, 2019"
336,How Roofer Reviews can mean more contracts for your roofing business,https://rizereviews.com/how-more-reviews-can-mean-more-contracts-for-roofing-companies/,By Amber Ooley,"April 8, 2019"
337,Five Reasons Why Landscaping Companies Need Online Reviews,https://rizereviews.com/five-reasons-why-landscaping-companies-need-online-reviews/,By Amber Ooley,"April 4, 2019"
338,3 Ways To Increase Reviews For Plumbers,https://rizereviews.com/3-ways-plumbers-can-get-more-online-reviews/,By Amber Ooley,"April 2, 2019"
339,Unique ways to get more online reviews (and continue getting them),https://rizereviews.com/unique-ways-to-get-more-online-reviews-and-continue-getting-them/,By Amber Ooley,"March 29, 2019"
340,5 Important Ways Plastic Surgeons Benefit from Having Online Reviews,https://rizereviews.com/5-important-ways-plastic-surgeons-benefit-from-having-online-reviews/,By Amber Ooley,"March 27, 2019"
341,How to Manage Your Restaurant’s Online Reputation,https://rizereviews.com/how-to-manage-your-restaurants-online-reputation/,By Amber Ooley,"March 25, 2019"
342,7 Questions to ask your reputation management company,https://rizereviews.com/7-questions-to-ask-your-reputation-management-company/,By Moosa Hemani,"March 5, 2019"
343,Top 12 business review sites that can improve your online reputation,https://rizereviews.com/top-12-business-review-sites-to-improve-your-online-reputation/,By Brent Nau,"February 27, 2019"
344,How to Deal with Negative Reviews,https://rizereviews.com/how-to-deal-with-negative-reviews/,By Amber Ooley,"February 11, 2019"
345,How to Respond to Google Reviews the Right Way,https://rizereviews.com/how-to-respond-to-google-reviews-the-right-way/,By Amber Ooley,"February 4, 2019"
346,Why It’s So Important to Have Positive Online Reviews,https://rizereviews.com/important-positive-online-reviews/,By Amber Ooley,"January 30, 2019"
347,Online Reviews Impact How Patients Choose Their Physician,https://rizereviews.com/how-patients-choose-physicians/,By Amber Ooley,"January 15, 2019"
348,The Importance of Lawyer Reputation Management,https://rizereviews.com/lawyer-reputation-management-tips/,By Amber Ooley,"January 11, 2019"
349,How To Get More Reviews For Your Home Service Business,https://rizereviews.com/how-to-get-more-reviews-for-your-home-service-business/,By Amber Ooley,"January 8, 2019"
350,What Is Online Reputation Management?,https://rizereviews.com/what-is-online-reputation-management/,By Ethan Sauers,"December 31, 2018"
351,Study Shows Online Reputation Management Helps Businesses Boost Sales,https://rizereviews.com/study-shows-online-reputation-management-helps-businesses-boost-sales/,By Amber Ooley,"December 17, 2018"
352,How to Make Restaurant Reputation Management Easy as Pie,https://rizereviews.com/how-to-make-restaurant-reputation-management-easy-as-pie/,By Amber Ooley,"December 10, 2018"
353,What New Dental Patients Look for in Online Reviews,https://rizereviews.com/what-dental-patients-look-for-in-online-reviews/,By Amber Ooley,"November 29, 2018"
354,Creative ways for restaurants to get more positive online reviews,https://rizereviews.com/creative-ways-for-restaurants-to-get-more-positive-online-reviews/,By Amber Ooley,"October 17, 2018"
355,A Guide to Responding to Online Reviews for Home Services Companies,https://rizereviews.com/a-guide-to-responding-to-online-reviews-for-home-services-companies/,By Amber Ooley,"July 11, 2018"
356,How to Respond to Negative Facebook Reviews,https://rizereviews.com/how-to-respond-to-negative-facebook-reviews/,By Amber Ooley,"May 8, 2018"
357,How is SEO affected by online reviews?,https://rizereviews.com/how-is-seo-affected-by-online-reviews/,By Amber Ooley,"April 25, 2018"
358,Why It’s Important for Businesses to Prioritize Online Reputation Management,https://rizereviews.com/why-its-important-for-businesses-to-prioritize-online-reputation-management/,By Amber Ooley,"April 9, 2018"
359,When’s the best time to ask for a review?,https://rizereviews.com/whens-best-time-ask-review/,By Amber Ooley,"February 22, 2018"
360,How to Respond to Negative Reviews,https://rizereviews.com/how-to-respond-to-negative-reviews/,By Amber Ooley,"January 22, 2018"
361,7 Basic Tactics for Getting More Positive Online Reviews,https://rizereviews.com/7-basic-tactics-getting-positive-online-reviews/,By Amber Ooley,"January 10, 2018"
362,Positive Reviews Equal Small Business Growth,https://rizereviews.com/positive-reviews-equal-small-business-growth/,By Amber Ooley,"December 11, 2017"
363,How to Manage Yelp Reviews,https://rizereviews.com/how-to-manage-yelp-reviews/,By Amber Ooley,"November 20, 2017"
364,How to Find the Best Review Sites for Your Industry,https://rizereviews.com/find-best-review-sites-industry/,By Amber Ooley,"September 29, 2017"
365,We’ve been awarded!!,https://rizereviews.com/weve-been-awarded/,By Brent Nau,"September 14, 2017"
366,How Quality Reviews Positively Impact Your Business,https://rizereviews.com/quality-reviews-impact-business/,By Brent Nau,"May 17, 2017"
367,How To Deal With Negative Online Reviews,https://rizereviews.com/how-to-deal-with-negative-online-reviews/,By Brent Nau,"May 15, 2017"
